{"First Layer Feature Map": {"_type": "histogram", "values": [2, 0, 1, 3, 0, 0, 5, 2, 6, 31, 25, 43, 87, 101, 152, 145, 197, 294, 328, 344, 2408, 1008, 790, 2741, 2101, 2222, 9410, 13920, 25146, 20766, 43367, 104530, 204103, 395556, 776188, 208157, 140543, 62761, 29574, 16769, 9289, 9099, 4599, 1858, 3138, 2691, 885, 390, 299, 258, 110, 70, 252, 97, 50, 32, 26, 61, 65, 31, 18, 2, 2, 4], "bins": [-11.405757904052734, -11.071407318115234, -10.737056732177734, -10.402706146240234, -10.068355560302734, -9.734004020690918, -9.399653434753418, -9.065302848815918, -8.730952262878418, -8.396601676940918, -8.062251091003418, -7.72790002822876, -7.39354944229126, -7.05919885635376, -6.724847793579102, -6.390497207641602, -6.056146621704102, -5.721796035766602, -5.387445449829102, -5.053094387054443, -4.718743801116943, -4.384393215179443, -4.050042152404785, -3.715691566467285, -3.381340980529785, -3.046990394592285, -2.712639570236206, -2.378288745880127, -2.043938159942627, -1.7095874547958374, -1.3752367496490479, -1.0408860445022583, -0.7065353393554688, -0.3721846342086792, -0.03783392906188965, 0.2965167760848999, 0.6308674812316895, 0.965218186378479, 1.2995688915252686, 1.633919596672058, 1.9682703018188477, 2.3026208877563477, 2.6369717121124268, 2.971322536468506, 3.305673122406006, 3.640023708343506, 3.974374532699585, 4.308725357055664, 4.643075942993164, 4.977426528930664, 5.311777114868164, 5.646128177642822, 5.980478763580322, 6.314829349517822, 6.6491804122924805, 6.9835309982299805, 7.3178815841674805, 7.6522321701049805, 7.9865827560424805, 8.32093334197998, 8.655284881591797, 8.989635467529297, 9.323986053466797, 9.658336639404297, 9.992687225341797]}, "_timestamp": 1687266610.7830932, "_runtime": 5.841580152511597, "_step": 0, "_wandb": {"runtime": 19}}