{"First Layer Feature Map": {"_type": "histogram", "values": [8, 24, 25, 12, 35, 58, 55, 53, 65, 66, 57, 194, 112, 380, 389, 231, 277, 414, 2622, 1231, 1084, 6554, 2062, 8585, 4379, 10041, 13400, 35542, 44671, 123138, 214208, 1007934, 308618, 124710, 62377, 34770, 26136, 18393, 6383, 9309, 9950, 9021, 1609, 883, 1654, 839, 2928, 532, 190, 196, 66, 99, 60, 49, 65, 87, 83, 62, 49, 49, 38, 18, 19, 4], "bins": [-9.407675743103027, -9.111177444458008, -8.814678192138672, -8.518179893493652, -8.221680641174316, -7.925181865692139, -7.628683567047119, -7.332184791564941, -7.035686016082764, -6.739187240600586, -6.442688465118408, -6.1461896896362305, -5.849690914154053, -5.553192138671875, -5.256693363189697, -4.9601945877075195, -4.6636962890625, -4.367197513580322, -4.0706987380981445, -3.774199962615967, -3.477701187133789, -3.1812024116516113, -2.8847036361694336, -2.588204860687256, -2.291706085205078, -1.99520742893219, -1.6987087726593018, -1.402209997177124, -1.1057112216949463, -0.8092125654220581, -0.5127137899398804, -0.2162150889635086, 0.08028364181518555, 0.3767823576927185, 0.6732810735702515, 0.9697798490524292, 1.2662785053253174, 1.5627772808074951, 1.8592760562896729, 2.1557748317718506, 2.452273368835449, 2.748772144317627, 3.0452709197998047, 3.3417696952819824, 3.63826847076416, 3.934767246246338, 4.231266021728516, 4.527764797210693, 4.824263572692871, 5.120761871337891, 5.417260646820068, 5.713759422302246, 6.010258197784424, 6.306756973266602, 6.603255748748779, 6.899754524230957, 7.196253299713135, 7.4927520751953125, 7.78925085067749, 8.085749626159668, 8.382247924804688, 8.678747177124023, 8.975245475769043, 9.271744728088379, 9.568243026733398]}, "_timestamp": 1687266353.393405, "_runtime": 4.352731943130493, "_step": 0, "_wandb": {"runtime": 25}}