{"First Layer Feature Map": {"_type": "histogram", "values": [12, 128, 269, 119, 69, 76, 166, 460, 200, 179, 319, 605, 421, 445, 772, 499, 509, 597, 943, 1384, 1346, 1884, 7007, 3012, 9884, 5951, 11709, 24502, 41339, 94077, 205960, 492439, 785649, 169855, 89371, 57225, 23966, 20638, 9020, 8107, 8564, 6638, 1352, 1351, 2169, 722, 758, 371, 351, 228, 197, 230, 178, 185, 185, 156, 183, 423, 800, 513, 288, 159, 34, 4], "bins": [-9.89876937866211, -9.58945369720459, -9.280137062072754, -8.970821380615234, -8.661505699157715, -8.352189064025879, -8.04287338256836, -7.733557224273682, -7.424241065979004, -7.114925384521484, -6.805609226226807, -6.496293067932129, -6.186977386474609, -5.877661228179932, -5.568345069885254, -5.259029388427734, -4.949713230133057, -4.640397071838379, -4.331081390380859, -4.021765232086182, -3.712449073791504, -3.4031331539154053, -3.0938172340393066, -2.784501075744629, -2.4751851558685303, -2.1658692359924316, -1.856553077697754, -1.5472371578216553, -1.237921118736267, -0.9286050796508789, -0.6192891001701355, -0.3099730908870697, -0.0006570816040039062, 0.3086589276790619, 0.6179749369621277, 0.9272909164428711, 1.2366069555282593, 1.5459229946136475, 1.855238914489746, 2.164555072784424, 2.4738709926605225, 2.783186912536621, 3.092503070831299, 3.4018189907073975, 3.711134910583496, 4.020451068878174, 4.329767227172852, 4.639082908630371, 4.948399066925049, 5.257715225219727, 5.567030906677246, 5.876347064971924, 6.185663223266602, 6.494978904724121, 6.804295063018799, 7.113611221313477, 7.422926902770996, 7.732243061065674, 8.041559219360352, 8.350874900817871, 8.660191535949707, 8.969507217407227, 9.278822898864746, 9.588139533996582, 9.897455215454102]}, "_timestamp": 1687266097.5094976, "_runtime": 8.539930582046509, "_step": 0, "_wandb": {"runtime": 130}}