{"First Layer Feature Map": {"_type": "histogram", "values": [5, 2, 2, 0, 0, 1, 3, 5, 2, 11, 22, 94, 53, 176, 246, 283, 300, 276, 476, 665, 516, 847, 838, 994, 1544, 4123, 3072, 11266, 19928, 25602, 42456, 83888, 183700, 453349, 855362, 186920, 97656, 51737, 28171, 18704, 5608, 9213, 2080, 1560, 1160, 751, 543, 641, 469, 253, 238, 481, 191, 108, 80, 106, 212, 90, 32, 10, 8, 8, 9, 6], "bins": [-12.258208274841309, -11.89838695526123, -11.538565635681152, -11.178743362426758, -10.81892204284668, -10.459100723266602, -10.099279403686523, -9.739458084106445, -9.379636764526367, -9.019814491271973, -8.659993171691895, -8.300171852111816, -7.940350532531738, -7.58052921295166, -7.220707416534424, -6.860886096954346, -6.501064300537109, -6.141242980957031, -5.781421661376953, -5.421599864959717, -5.061778545379639, -4.7019572257995605, -4.342135429382324, -3.982314109802246, -3.622492790222168, -3.2626712322235107, -2.9028496742248535, -2.5430281162261963, -2.183206796646118, -1.823385238647461, -1.4635637998580933, -1.103742241859436, -0.7439208030700684, -0.3840993046760559, -0.024277836084365845, 0.3355436325073242, 0.6953651309013367, 1.0551866292953491, 1.4150080680847168, 1.774829626083374, 2.1346511840820312, 2.4944725036621094, 2.8542940616607666, 3.214115619659424, 3.573936939239502, 3.933758497238159, 4.293580055236816, 4.6534013748168945, 5.013222694396973, 5.373044490814209, 5.732865810394287, 6.092687606811523, 6.452508926391602, 6.81233024597168, 7.172152042388916, 7.531973361968994, 7.891794681549072, 8.251616477966309, 8.611437797546387, 8.971259117126465, 9.331080436706543, 9.690901756286621, 10.050724029541016, 10.410545349121094, 10.770366668701172]}, "_timestamp": 1687266499.3000612, "_runtime": 5.4298951625823975, "_step": 0, "_wandb": {"runtime": 101}}